feature,gain
rollmean_6,856410750976.0
rollmean_3,439599104000.0
rollmean_12,198293340160.0
lag_52,66854350848.0
S_4,28725676032.0
lag_1,18979328000.0
S_33,5274822144.0
S_32,3422088192.0
week,3292590336.0
S_13,3039348224.0
month,2382991616.0
Holiday_Labor Day,2234911488.0
S_11,2221809920.0
Holiday_Super Bowl,1954358784.0
S_10,1909366784.0
Unemployment,1752442752.0
S_19,1625469440.0
S_39,1602142464.0
S_20,1461070336.0
S_28,1424353920.0
CPI,1379332096.0
S_1,1361133824.0
S_7,1281933568.0
quarter,1208684800.0
S_14,1163549952.0
S_18,1142259584.0
lag_2,1128811392.0
Fuel_Price,1021372224.0
S_27,920063296.0
S_26,861494720.0
S_24,788081920.0
Temperature,688226496.0
S_23,643612992.0
S_41,624472960.0
S_31,606326400.0
S_17,590656768.0
S_21,462379264.0
S_35,434720192.0
S_42,336513824.0
S_6,320256512.0
S_2,308347488.0
S_34,286060736.0
S_40,285625792.0
S_22,241386416.0
S_38,233240528.0
S_9,213296080.0
S_36,202423936.0
S_25,198544608.0
S_29,181385552.0
S_45,174864864.0
S_30,170029904.0
S_12,147805520.0
S_37,123806464.0
S_8,120473712.0
S_44,112358800.0
S_16,104074680.0
S_43,101204400.0
S_15,84269120.0
S_5,77054776.0
S_3,40015748.0
year,0.0
Holiday_Christmas,0.0
Holiday_Thanksgiving,0.0
